Name,Quantity(per unit),Price in RMB(for 1 device),Price in USD(for 1 device),Link
EEPROM,1,6,0.78,https://item.taobao.com/item.htm?abbucket=20&id=775093823542&mi_id=0000dO6TpPbWDVeqCtfItoy0LfORtvK1qZ8tCMFR4DqmGfg&ns=1&priceTId=2100c89317863609214016558e0a2b&skuId=5303761869471&spm=a21n57.1.hoverItem.1&utparam=%7B%22aplus_abtest%22%3A%22d270b27b600f36748ecff7ebedb7240e%22%7D&xxc=taobaoSearch
SRAM,1,3,0.39,https://item.taobao.com/item.htm?spm=a1z0d.6639537%2F202410.item.d953461500722.3d385886qx8CDz&id=953461500722&from=cart&mi_id=0000tmdX7izc64KOm9otOOHaXmW8HMStchW-9Hri82z4g-U&upStreamPrice=300
Z80,1,4,0.52,https://item.taobao.com/item.htm?abbucket=20&id=761285443532&mi_id=0000Rn2Mrdhv88zFJAqUclNDr3q9UqZIQOLp6R_1xgW9RjQ&ns=1&priceTId=2100c82d17863603393001084e0a6e&skuId=5248637137718&spm=a21n57.1.hoverItem.2&utparam=%7B%22aplus_abtest%22%3A%2228de9bf625f2d105d80d40c2ebb1ed5f%22%7D&xxc=taobaoSearch
Z80 PIO,1,5.5,0.715,https://item.taobao.com/item.htm?abbucket=20&id=723849445917&mi_id=0000lwbYODTGdjlIa8tMpyEwUXGSgDWx7ErbmokUbWoF0g4&ns=1&priceTId=2100c90f17863602164881003e0a32&spm=a21n57.1.hoverItem.1&utparam=%7B%22aplus_abtest%22%3A%2206dac0f0070959cd0e206ad29ac31515%22%7D&xxc=taobaoSearch
Resistor 220ohm,1,1,0.13,https://item.taobao.com/item.htm?spm=a1z0d.6639537%2F202410.item.d538322903549.3d385886qx8CDz&id=538322903549&from=cart&mi_id=0000A1nz-XefJ3meqB9SaIpVOaXlGS6wodwLUEwmxi-cgYs&upStreamPrice=100
Resistor 10kohm,5,1,0.13,https://item.taobao.com/item.htm?spm=a1z0d.6639537%2F202410.item.d538322903549.3d385886qx8CDz&id=538322903549&from=cart&mi_id=0000A1nz-XefJ3meqB9SaIpVOaXlGS6wodwLUEwmxi-cgYs&upStreamPrice=100
Buttons,9,0.36,0.0468,https://item.taobao.com/item.htm?spm=a1z0d.6639537%2F202410.item.d542612472347.3d385886qx8CDz&id=542612472347&from=cart&mi_id=0000sO0uM1wQ69SE_-Rd7IJZwCCk894NFyCsl-qu5ZT_7nw&upStreamPrice=4
PCB,1,~3,0.39,https://item.taobao.com/item.htm?spm=tbpc.boughtlist.suborder_itemtitle.1.5f4a2e8dZypXKm&id=624700462793&mi_id=0000s49HieLCHUEFU4d92xzDHBRW8eT3VBf37N32Qyf9RLo
Single Or Gate,2,4.8 for 20,0.624,https://item.taobao.com/item.htm?abbucket=20&id=554260533672&mi_id=0000mNxJ96uB2iWIVjxXkL2lQ4h_vAtnnY0yyIWtDyPO-eg&ns=1&priceTId=2100c87a17866955667781250e0a31&skuId=5722262286279&spm=a21n57.1.hoverItem.1&utparam=%7B%22aplus_abtest%22%3A%227aa0d4f1970a1f4008352090d99397d7%22%7D&xxc=taobaoSearch
Single Not Gate,1,4.2 for 20,0.546,https://item.taobao.com/item.htm?abbucket=20&id=554260533672&mi_id=0000mNxJ96uB2iWIVjxXkL2lQ4h_vAtnnY0yyIWtDyPO-eg&ns=1&priceTId=2100c87a17866955667781250e0a31&skuId=5722262286279&spm=a21n57.1.hoverItem.1&utparam=%7B%22aplus_abtest%22%3A%227aa0d4f1970a1f4008352090d99397d7%22%7D&xxc=taobaoSearch
Active Crystal OSC,1,1.8,0.234,https://item.taobao.com/item.htm?id=771436487311&skuId=5456289663155&spm=a21wu.12321156%2Fdefault.go-detail.1
SPDT Switch,2,0.82,0.1066,https://item.taobao.com/item.htm?ali_trackid=2%3Amm_1544500114_2165950113_111725950422%3A1786362076452_557799829_0&bxsign=tbkTttlsunybxC9JcenRYAp8RfmUW_TzTPkTfUh_LhCOssETE0EN6IxnXhq09VT8n0-FMbuS4n9K6knFT9ZyDGaSjYKyXjZ58ckwHxJyxvjZSF_N5ujvD9-dlmSaLm34A1xxN1Gh0RW4QzueeEV7QmFSn4aaz9Mb-XdbkuqL_92ONl9IeF0vk72BSQyRnUxlJvM&id=568771505825&spm=a21wu.12321156-tw%2Fdefault.go-detail.1&union_lens=lensId%3AOPT%401786362072%40210740d1_0dc1_19feb7a0d09_1ce4%4001%40eyJmbG9vcklkIjo3MjU3OH0ie%3Brecoveryid%3A557799829_0%401786362076462
LCD1602,1,5.2,0.676,https://item.taobao.com/item.htm?abbucket=20&id=603695517014&mi_id=0000IltFQah3EsluEv3rVVlrom_oN-rvTavn3If_UArMj7o&ns=1&priceTId=2100c89317863604071508937e0a2b&skuId=4231008237254&spm=a21n57.1.hoverItem.5&utparam=%7B%22aplus_abtest%22%3A%22a7a1cc90c85ab16ae9e4bcefe8568fcb%22%7D&xxc=taobaoSearch
Potentiometer,1,2.3,0.299,https://detail.tmall.com/item.htm?abbucket=20&id=745999358899&mi_id=00002IwWeWwvSMNLWfVQjDhWh-NC7Uq8zkXCJaXKjjO8P-c&ns=1&priceTId=2100c87a17866954282925642e0a31&skuId=5317358399582&spm=a21n57.1.hoverItem.2&utparam=%7B%22aplus_abtest%22%3A%2205fad89e0bf8c791f8e6c5b7386a49b6%22%7D&xxc=taobaoSearch
Program Pinheaders,2x20P,0.1,0.013,https://item.taobao.com/item.htm?abbucket=20&id=553875848479&mi_id=0000rUjdBkJI60YQtoIeS8wm12w62Uxrjcc-19rCCWwIQrc&ns=1&skuId=6138476482167&spm=a21n57.1.hoverItem.2&utparam=%7B%22aplus_abtest%22%3A%22a77c437c27fa8fb16c1d791b3743d535%22%7D&xxc=taobaoSearch
Battery,1,1.5,0.195,https://item.taobao.com/item.htm?spm=a1z0d.6639537%2F202410.item.d979801681860.3d385886qx8CDz&id=979801681860&from=cart&skuId=6101299806844&mi_id=0000_P5bTeLwF93id68ktoZECu5R46GLnRj95U5urY6QLmw&upStreamPrice=150
Battery Charge Module,1,1.5,0.195,https://item.taobao.com/item.htm?spm=a1z0d.6639537%2F202410.item.d857371585550.3d385886qx8CDz&id=857371585550&from=cart&skuId=5832395418380&mi_id=0000eLlDrTVsoLhalKzE5QG1TsGhNWXhFlNuZ6-x4WhSDE8&upStreamPrice=150
DIP40 IC Socket,2,2.28,0.2964,https://item.taobao.com/item.htm?spm=a1z0d.6639537%2F202410.item.d618504140140.3d385886qx8CDz&id=618504140140&from=cart&skuId=4371738857383&mi_id=0000aMrhb2-qFEOk9wKkYo63rD6teQmJ0fvXsPZ9hA4c8ic&upStreamPrice=228
,,,,
sum,,48.36,6.2868,
Total Estimate inc. shipping(Per Unit),,60,9,